SQL> select * from schclasses;

   CALLNUM       YEAR SEM DEP CNU    SECTION   CAPACITY                         
---------- ---------- --- --- --- ---------- ----------                         
     10110       2014 Fa  IS  300          1          5                         
     10115       2014 Fa  IS  300          2        118                         
     10120       2014 Fa  IS  300          3          5                         
     10125       2014 Fa  IS  301          1         35                         
     10130       2014 Fa  IS  301          2         35                         
     10135       2014 Fa  IS  310          1         35                         
     10140       2014 Fa  IS  310          2         35                         
     10145       2014 Fa  IS  340          1         30                         
     10150       2014 Fa  IS  380          1         33                         
     10155       2014 Fa  IS  385          1         35                         
     10160       2014 Fa  IS  480          1         35                         

11 rows selected.

SQL> select * from courses;

DEP CNU CTITLE                               CRHR   STANDING                    
--- --- ------------------------------ ---------- ----------                    
IS  300 Intro to MIS                            3          2                    
IS  301 Business Communicatons                  3          2                    
IS  310 Statistics                              3          2                    
IS  340 Programming                             3          3                    
IS  380 Database                                3          3                    
IS  385 Systems                                 3          3                    
IS  480 Adv Database                            3          4                    

7 rows selected.

SQL> select * from waitlist;

SNU    CALLNUM                                                                  
--- ----------                                                                  
WAITLISTTIME                                                                    
---------------------------------------------------------------------------     
102      10110                                                                  
14-MAY-19 07.15.27.830000 PM                                                    
                                                                                
110      10110                                                                  
14-MAY-19 06.24.17.298000 PM                                                    
                                                                                

SQL> select * from majors;

MAJ MDESC                                                                       
--- ------------------------------                                              
ACC Accounting                                                                  
FIN Finance                                                                     
IS  Information Systems                                                         
MKT Marketing                                                                   

SQL> select * from prereq;

DEP CNU PDE PCN                                                                 
--- --- --- ---                                                                 
IS  380 IS  300                                                                 
IS  380 IS  301                                                                 
IS  380 IS  310                                                                 
IS  385 IS  310                                                                 
IS  340 IS  300                                                                 
IS  480 IS  380                                                                 

6 rows selected.

SQL> select * from enrollments;

SNU    CALLNUM GR                                                               
--- ---------- --                                                               
101      10110 A                                                                
102      10125                                                                  
103      10120 A                                                                
101      10125                                                                  
102      10130                                                                  
102      10160                                                                  
102      10155                                                                  
102      10145                                                                  
104      10110                                                                  
105      10110                                                                  
106      10110 B                                                                

SNU    CALLNUM GR                                                               
--- ---------- --                                                               
107      10110                                                                  
108      10110 W                                                                
103      10125                                                                  
104      10125                                                                  
105      10130                                                                  
104      10120                                                                  
106      10120                                                                  
107      10120 B                                                                
108      10120 C                                                                

20 rows selected.

SQL> select * from students;

SNU SNAME        STANDING MAJ        GPA  MAJOR_GPA                             
--- ---------- ---------- --- ---------- ----------                             
101 Andy                3 IS         2.8        3.2                             
102 Betty               2            3.2                                        
103 Cindy               3 IS         2.5        3.5                             
104 David               2 FIN        3.3          3                             
105 Ellen               1            2.8                                        
106 Frank               3 MKT        3.1        2.9                             
107 Cindy               3 IS         2.5        3.5                             
108 Frank               3 IS         2.5        3.5                             
109 Betty               3 MKT        2.5        3.5                             
110 Cindy               3 IS         2.5        3.5                             
111 Frank               3            2.5        3.5                             

SNU SNAME        STANDING MAJ        GPA  MAJOR_GPA                             
--- ---------- ---------- --- ---------- ----------                             
112 Cindy               3 FIN        2.5        3.5                             
113 Frank               3 IS         2.5        3.5                             
114 David               3            2.5        3.5                             
115 David               3 IS         2.5        3.5                             

15 rows selected.

SQL> spool off;
